[
  {
    "id": "b267d285-0c66-431b-a293-9e9bcf715962",
    "data": [
      {
        "text": "agent",
        "userDefined": false
      }
    ],
    "isTemplate": false,
    "count": 0,
    "updated": 1520437714
  },
  {
    "id": "5a27d969-4ffc-48a3-a226-1778422d2cf1",
    "data": [
      {
        "text": "live agent",
        "userDefined": false
      }
    ],
    "isTemplate": false,
    "count": 0,
    "updated": 1520437714
  },
  {
    "id": "1dcf49d4-34fa-41d3-8798-afd30216192f",
    "data": [
      {
        "text": "chat",
        "userDefined": false
      }
    ],
    "isTemplate": false,
    "count": 0,
    "updated": 1520437714
  },
  {
    "id": "71327b05-bbd2-4567-a523-7dd8fdb85a3e",
    "data": [
      {
        "text": "live chat",
        "userDefined": false
      }
    ],
    "isTemplate": false,
    "count": 0,
    "updated": 1520437714
  }
]