[
  {
    "id": "5727b144-74d6-408f-a01c-b9979a65e430",
    "data": [
      {
        "text": "morning",
        "meta": "@sys.ignore",
        "userDefined": false
      }
    ],
    "isTemplate": false,
    "count": 0,
    "updated": 1520364205
  },
  {
    "id": "76e9f8cc-d8e5-48ea-a105-26e1e965e993",
    "data": [
      {
        "text": "good morning",
        "userDefined": false
      }
    ],
    "isTemplate": false,
    "count": 0,
    "updated": 1520364205
  },
  {
    "id": "94f7631f-a4e6-4400-a113-69bf2e71bcdd",
    "data": [
      {
        "text": "good day",
        "userDefined": false
      }
    ],
    "isTemplate": false,
    "count": 0,
    "updated": 1520364205
  },
  {
    "id": "182f2560-be24-4aa6-8737-75ccd07ee970",
    "data": [
      {
        "text": "howdy",
        "userDefined": false
      }
    ],
    "isTemplate": false,
    "count": 0,
    "updated": 1520364205
  },
  {
    "id": "8fecfe73-3c3d-42f5-bc15-d520532d489d",
    "data": [
      {
        "text": "hello",
        "userDefined": false
      }
    ],
    "isTemplate": false,
    "count": 0,
    "updated": 1520364205
  },
  {
    "id": "0d65f80c-e9ef-4e3e-b667-3c657a4f6162",
    "data": [
      {
        "text": "hi",
        "userDefined": false
      }
    ],
    "isTemplate": false,
    "count": 0,
    "updated": 1520364205
  }
]