[
  {
    "id": "be2a546c-eb29-46c0-b12f-ee3cd1010a3e",
    "data": [
      {
        "text": "new hackus",
        "userDefined": false
      }
    ],
    "isTemplate": false,
    "count": 0,
    "updated": 1520428996
  },
  {
    "id": "9adfac04-62e4-4c2d-aec7-5c7c0f65fe16",
    "data": [
      {
        "text": "hackus",
        "userDefined": false
      }
    ],
    "isTemplate": false,
    "count": 0,
    "updated": 1520428996
  },
  {
    "id": "f49063fb-34b1-4893-8d21-56c477457452",
    "data": [
      {
        "text": "try hackus",
        "userDefined": false
      }
    ],
    "isTemplate": false,
    "count": 0,
    "updated": 1520428996
  }
]