[
  {
    "id": "9fcb8ebe-fa8a-4735-9841-db509a785e6e",
    "data": [
      {
        "text": "back to main menu",
        "userDefined": false
      }
    ],
    "isTemplate": false,
    "count": 0,
    "updated": 1520438116
  },
  {
    "id": "b751c2f9-944e-47ba-b870-96d3c7793d2b",
    "data": [
      {
        "text": "back to menu",
        "userDefined": false
      }
    ],
    "isTemplate": false,
    "count": 0,
    "updated": 1520438116
  },
  {
    "id": "dd847a81-de3c-4aba-9ebc-8b457a97c155",
    "data": [
      {
        "text": "back",
        "userDefined": false
      }
    ],
    "isTemplate": false,
    "count": 0,
    "updated": 1520438116
  },
  {
    "id": "f0062ff1-782e-4b0f-af93-672b95d60752",
    "data": [
      {
        "text": "main",
        "userDefined": false
      }
    ],
    "isTemplate": false,
    "count": 0,
    "updated": 1520438116
  },
  {
    "id": "c926a5c0-9f09-4759-91ca-452bed131e28",
    "data": [
      {
        "text": "main menu",
        "userDefined": false
      }
    ],
    "isTemplate": false,
    "count": 0,
    "updated": 1520438116
  },
  {
    "id": "ea791302-2773-4aaf-ba0a-db29de12fab2",
    "data": [
      {
        "text": "menu",
        "userDefined": false
      }
    ],
    "isTemplate": false,
    "count": 0,
    "updated": 1520438116
  }
]